name,contact,state,city,status,date_time,info
"Assam Air Products 
Pvt. Ltd. Vivek Zoarder",9707056937,Assam,Bongaigaon,Available,26/05 05:17 PM,not responding.
"Assam Air Products 
Pvt. Ltd.Ashim Mohanta",9706301778,Assam,Silchar,Available,26/05 05:10 PM,not responding.
Assam Air Products Pvt. Ltd. Mamud Rashid Ahmed,9435155535,Assam,Beltola Tiniali,Available,26/05 12:12 PM,Only available for urgent requirement 
"Shantinath Air
Products Rahul Sethi",9007744666,Assam,"Ramnagar, Silchar, Assam",Available,25/05 08:31 PM, 24*7 available refills available at cost (depends on the size of cylinders) 
Guarav Air products ,9334706552,Bihar,Patna,Available,26/05 06:22 PM,oxygen refilling available.
Arpit Kehsan,9262985555,Bihar,champaran,Available,26/05 04:33 PM,"oxgyen cylinder both normal and jumbo size,  self pickup"
Hukum Chand and Sons,7011272916,Delhi,Gurugram,Available,26/05 06:40 PM,8L oxygen cylinders and refilling available
,9999094167,Delhi,Model Town,Available,26/05 06:38 PM,kirpal bagh Aashram Near Gurudwara Nanak Piau. 
Hemkunt Foundation,9990691313,Delhi,"Gurugram Golf Course Ext Road, Opp W Pratiksha Hospital, Gurgaon - 122022 Haryana",Available,26/05 06:27 PM,"oxygen cylinder and concentrator available. Patient's oxymeter reading will have to be shown on video call before claiming the cylinder. Free oxygen refilling, will have to show doctor's prescription."
Harmeet Singh,8595629995,Delhi,Karol Bagh,Available,26/05 06:23 PM,"oxygen cans available. Home delivery, no advance payment "
"GURUDWARA SRI GURU SINGH SABHA B BLOCK
GK1 NEW DELHI","8130184210
(Only whatsapp)",Delhi,Waste Care Links,Available,26/05 06:23 PM,"CANS AVAILABLE. Pick up only
If someone stays far away or the whole family is home quarantined then we can get it delivered oxygen cans 10 litres/300-400 puffs. at Lajpat Nagar krishna market gurudwara we are  providing 10 litres filled cylinder at a security amount of 10K. Return the cylinder and get complete money back"
Gurudwara Ghaziabad,9811709255,Delhi,Ghaziabad,Available,26/05 06:22 PM,immediate oxygen requirements being fulfilled at site
"gurudwara, krishna market","9810350383, 8130479119, 9818979819",Delhi,lajpat nagar,Available,26/05 06:22 PM,oxyegn cans and refilling available. patients covid report and adhaar card to be taken along to lajpat nagar gurudwara
Gasmeet Singh Goenka- concentrators,8882093986,Delhi,Moti Nagar,Available,26/05 06:21 PM,"Oxygen concentrators available. Self pickup available. Heavy duty Hospital purpose. bank transfer only no cash, delivery anywhere in delhiDELIVERY AVAILABLE IN DELHI AND ONLY BANK TRANSFER."
Booshan Ghambir Investments pvt ltd,9999445542,Delhi,Delhi,Available,26/05 06:20 PM,Oxygen cylinders and concentrators available. Delivery in Delhi NCR with 10% advance payment.
"Harsh, Preet Vihar(48k per concentrator) - ",7503016600,Delhi,Preet Vihar,Available,26/05 05:52 PM,"5L and 10L concentrator, BiPAPs with AVAPs, ULV fogger, auto loading stretcher
requires discussion with end user to understand exact requirements, pre-booking available, can pick up from location if stock is available. doctor prescription mandatory"
Vinayak Oxygen,"9868827510
9810807576",Delhi,Mayapuri,Available,26/05 05:12 PM,"B'93, Mayapuri Industrial Area, Phase1
Timing -available full time 
Aadhar and Prescription Required 
Disclaimer - long line; only whatsapp"
Vaibhav oxygen,"9871979337, 01141759955",Delhi,Delhi,Available,26/05 05:06 PM,"not answering to call or text. A-38, mohan cooperative industrial estate , badarpur, new delhi-110044 "
 Shankar Gases,"9811615113, 8447243345, 9999260913",Delhi,Kalra Hospital,Available,26/05 04:51 PM,oxygen refilling available for 7L and 10L cylinders. ( only self pickup)
Rajeev,8130906102,Delhi,Shahdara,Available,26/05 04:35 PM,"oxygen cylinder and kit Rs 26000 combined, self pivkup, only one available"
Air and Care,"                         9871071234                                              
9871179853",Delhi,Delhi,Available,26/05 04:24 PM,"concentrator available.home delivery in Delhi NCR, cash on delivery"
International Pharma,9810137693,Delhi,Delhi,Available,26/05 03:55 PM,oxygen regulator available
Dilshad,9350959542,Delhi,Noida,Available,26/05 03:55 PM,"oxygen refilling available. can arrange cylinder and concentrator as well, at no profit"
Gurpreet Singh,9654714986,Delhi,"Noida, Sector 18",Available,26/05 03:42 PM,"free oxygen cylinder available. NO ADVANCE PAYMENT
Location- botanical garden, second floor in multilevel car parking."
Ishaan Trehan,9582040001,Delhi,"Greenera Global Works, Janakpuri",Available,26/05 03:39 PM,"7L Oxygen Concentrator available. The product has to be picked up. They are also refilling cylinders for free and run a covid cell, providing food etc to patients. However, covid report is must for everything. "
Mr. Jatinder,9999779992,Delhi,"Kirpal Bagh, near Nanak Piao Gurudwara",Available,26/05 03:00 PM,Refill available free of cost. Timing- Timings 9 am to 8 pm.
Anurag Gas Corporation,"9910326741, 9891421007",Delhi,Faridabad,Available,26/05 02:54 PM,40L oxygen cylinder available for rent.
Bhavtarini Sewa Sadhana Trust,7381639225,Delhi,Delhi,Available,26/05 12:32 PM,"Oxygen cans available, self pickup from south delhi, payment on pickup. TAKE ADVANCE PAYMENT "
Ram Gas Agency,9717008276/9717009263,Delhi,Delhi,Available,26/05 12:30 PM,"94, Gali No 2, West Vinod Nagar, Near Nalanda Chowk, Near Aggarwal Sweets, East Delhi - 110092. "
GoSocial Healthcare ,"www.gosocialhealth.com
9773859888
",Delhi,Delhi,Available,26/05 12:17 PM,oxygen cans available on their website www.gosocialhealth.com
Kapil Puri,7290951034,Delhi,Delhi,Available,25/05 08:30 PM,"TIME: 6PM agarwal gas , khasra no. 155 / 3 , phirni road , puth khird village , delhi , 110039      for more information , contact ; 9910138604
 refilling 12kg cylinder max."
refill,8447001952,Delhi,East Patel Nagar,Available,25/05 08:30 PM,out of stock
AZ Biomed,9958510989,Delhi,Delhi,Available,25/05 04:41 PM,5L oxygen concentrators available. Delivery available only in Delhi without any advance payment.
Mittal Air Products,98993 90876,Delhi,Noida,Available,25/05 03:56 PM,oxygen refilling available.
Ashish Sharma - Oxyhub,9311617432,Delhi,Delhi,Available,25/05 03:33 PM,"They have oxygen concentrator in stock for sale and renting... Ltv 950 ventilator and beds, bipap, cpap are back in stock....Cylinders are out of stock"
Akash Rao Oxygen,8076392008,Delhi,"Uttam Nagar, Dwarka ",Available,25/05 02:25 PM,"oxygen cans available. Can be delivered in Delhi NCR, no advance payment. "
Oxygize,99532 35333 (only accepting website orders),Delhi,okhla phase 1,Available,25/05 01:28 PM,"oxygen cans available. self pickup available in cases of emergency; Delivery + full payment on website before delivery https://oxygize.in/collections/frontpage?page=1
B-283, Pocket B, Okhla Phase I, Okhla Industrial Area, New Delhi"
pankaj tiwari,8010101002,Delhi,Faridabad,Available,24/05 07:14 PM,"Plot No-104, Sector-24, Faridabad
Refill may be available from Tomorrow"
Pahadganj Oxygen Concentrators,7011980895,Delhi,Delhi,Available,24/05 07:14 PM,"pickup available, delivery only in Dwarka and Uttam Nagar
Pickup point - dwarka mod metro station 
no advance payment "
mandeep,9711189888,Delhi,Nimri Gurudwara,Available,24/05 07:13 PM,"Refill available for Free
Small cylinder only
Time: 5-7pm
Require Covid report, Doctor's prescription and Aadhar card                         online registration has to be done"
Poonawalla Foundation,9324156652,Delhi,Delhi,Available,24/05 07:13 PM,"Oxygen Cylinder Refilling Venue 12.05.21 *

14/10- Lower Ground floor
Kalkaji, 
New Delhi  -110019
Oxygen Refiling 24×7 

Hasanpur bus depot near Max hospital Patparganj delhi - 110092 
Oxygen Free refiling

* Only On Showing Medical Reports & ID.Our vendors do not provide FULL OR NEW oxygen cylinders* They will require to get a doctor's prescription,  Aadhar card and empty cylinder..
Cylinder will be exchanged"
Oxy Garg , 95609 32512,Delhi,Faridabad,Available,24/05 07:12 PM,"oxyegn cans available. both self pickup and delivery is possible in delhi ncr. for delivery, can charges to be paid in advance and delivery charges directly to the rider."
,9910733123,Delhi,Lajpat Nagar ,Available,22/05 05:26 PM,500 advance incase of delivery
,9873357335,Delhi,Delhi,Available,19/05 06:51 PM,"only pick up, full payment on delivery (advance payment on delivery)"
Vipul Lota,9824055470,Gujarat,Rajkot,Available,26/05 06:29 PM,
Bharat,9727387878,Gujarat,"41 udhyonagar Gondal,Rajkot",Available,26/05 06:20 PM,oxygen refilling available
,98240 81339,Gujarat,Ahmedabad,Available,26/05 04:26 PM,"Refilling available for Free. Only 3-4ft bottles.  opposite cama hotel, near Union Bank, khanpur, Ahmedabad"
Ram Rahim ,7984376847,Gujarat,Ahmedabad,Available,26/05 12:28 PM,"Providing oxygen cans 12L Rs-650
Take online order at Oxyzoneplus.com. will deliver all india"
Akaal Purakh ki fauj,7271997199,Haryana,Gurugram,Available,25/05 10:45 PM,Providing ration sewa for the time being .      http://bit.ly/rationsewa                                                                            
Swapna,9818401536,Haryana,Gurugram,Available,24/05 07:11 PM,not answering to calls or text
Raj Gas Industries,"9419108884, 9469593931, 9469593933",Jammu and Kashmir,Jammu,Available,26/05 04:25 PM,"security deposit of 15000, self pickup"
NGO (Aab E Rawan) ,7006312094,Jammu and Kashmir,Srinagar,Available,26/05 12:26 PM,not answering to calls or text
Vikas,9019149492,Karnataka,Bengaluru,Available,26/05 06:46 PM,5L oxygen concentrator availabe for sale and rental. Call for further details.
oxygen on wheel,7349505152,Karnataka,Padmanabhanagar,Available,25/05 04:41 PM,(provide oxygen for 3-4 hours till time patient gets better or find a bed). temporary oxygen support
Drug Control Helpline (DONT CALL),8951755722 (DON'T CALL),Karnataka,Bengaluru,Available,25/05 02:42 PM,This is a govt source providing cylinders only to hospitals and not to individuals. they strictly advised not calling in. 
Shree mangal medicose,9713071831,Madhya Pradesh,Indore,Available,26/05 04:27 PM,"sells concentrators, available after 6:40pm. location- 34 Jaora compund, opposite MY Hospital. Delivery within the city with no advance payment, advance payment required if outside the city"
soloman and co bhootnath market,9425056939,Madhya Pradesh,Indore,Available,25/05 09:41 PM,"On rent- 50kg - INR 15K deposit, 10k refund on return.
10kg- INR 7K deposit, 5K refund on return
Can arrange in Delhi and Gurgaon also.
Address- opposite Prince College,khandwa road, Indore"
Raj thakur,9753100200,Madhya Pradesh,Indore,Available,25/05 08:29 PM,oxygen refilling available
kamal juneja,8109490001,Madhya Pradesh,"khandwa road,Indore",Available,25/05 03:32 PM,"Oxygen Cylinders, Refilling and Concentrators. COD, self pick up available"
Pathak ji oxygen,9425304424,Madhya Pradesh,Chhatarpur,Available,24/05 07:14 PM,10K advance payment made physically - return 8k 15 k advance for 70-80L. Only self pickup. Oxygen cylinders are overpriced ( not responding)
 Pathak Bhargava Trader,9406523262,Madhya Pradesh,Bhopal,Available,24/05 07:06 PM,Oxygen gas available for refill
"NOTE: NO VOLUNTEER OR TEAM LEAD SHOULD CALL OR TEXT THIS NUMBER, OR UPDATE THIS ROW. TANISHQA IS RESPONSIBLE FOR 24/7 UPDATATION OF THE SAME.",verifed physicall by a volunteer. ther person doesn't want to share his number.,Madhya Pradesh,Bhopal,Available,18/05 07:04 PM,"Not Available. refill at 500 available in chowki imambada old bhopal.NOTE: NO VOLUNTEER OR TEAM LEAD SHOULD CALL OR TEXT THIS NUMBER, OR UPDATE THIS ROW. TANISHQA IS RESPONSIBLE FOR 24/7 UPDATATION OF THE SAME."
Shahnawaz,9892012132,Maharashtra,"Mumbai, bandra",Available,26/05 06:21 PM,giving filled cylinders in return of empty ones
Raj Singh,89994 00985,Maharashtra,mumbai and pune,Available,26/05 06:15 PM,free concentrator
Veer Foundation NGO,"9820008686, 9004512226, 9821010210, 9768053832, 9892190211, 9324555088",Maharashtra,Mumbai,Available,26/05 05:10 PM,"oxygen cylinders available, self pickup"
Mulund East Vyapari Association,7039992229,Maharashtra,Thane,Available,26/05 05:09 PM,conditionally free and as per requirement
Ashish,9870644158,Maharashtra,Mumbai,Available,26/05 04:37 PM,oxygen cylinders available. (only in mumbai)
Ashit Golwala ,8850968921,Maharashtra,Andheri East,Available,26/05 04:34 PM,"Oxygen cans available. Delivery can be done Pan India, self pick up is an option too. no advance payment"
Milapbhai,9820257997,Maharashtra,Mumbai,Available,26/05 12:25 PM,oxygen cylinders available. they take refundable deposit
MAHENDRA BHAI,"9028356663/9326340059
",Maharashtra,Mumbai,Available,26/05 12:23 PM,"Doctor's prescription required, oxymeter reading required and aadhar card of the patient along with the one who's going to pick the cylinder is required, will not be provided to any nursing homes."
"On Rent, Doorstep Delivery.",9881200369,Maharashtra,Nagpur,Available,25/05 09:41 PM,"cylinders on rent, with security payment"
MAJID SHAIKH ,9552486285,Maharashtra,Pune,Available,25/05 03:53 PM,oxygen concentrators out of stock.
oxygen concentrator,8369091278,Maharashtra,Mumbai,Available,24/05 07:13 PM,oxygen concentrators of all sizes. They are taking the advance payment of 18000/- which is refundable. They will deliver to the patient
Sagar,9819256993,Maharashtra,Mumbai,Available,24/05 07:12 PM,"Oxygen concentrators available. Machine will be provided on below terms and conditions:
1) Patient's covid report, doctors prescription, aadhar card is required. Current Oxymeter reading of the patient via video call. 
2) Refundable deposit of Rs. 5000/- have to be paid. 
If any damage to the machine, the repair cost will be recovered from this deposit. 
3) Rent of Rs. 100/- per day is applicable for 7 days. After that rent, Rs. 500/- per day is applicable if not returned or intimated them with further valid documents. Machine will be given for maximum 14 days. 
4) Machine to be collected and dropped at the above given location. "
Veer Foundation NGO,"9769139213, 9820039469",Maharashtra,Mumbai,Available,22/05 06:30 PM,no availability
"Jatinder Singh Monga, HUM foundation",9320477667,Pan India,Mumbai,Available,25/05 03:23 PM,"Oxygen cylinders available for now. Delivers pan india. 70% advance. For pickup, payment on the spot and no advance"
Harpreet Singh,9872100006,Punjab,Mohali,Available,25/05 03:59 PM,oxygen refilling available.
Salasar Carbonics,"7014294932, 9785099299",Rajasthan,Jaipur,Available,26/05 02:09 PM,"675L oxygen cylinder available. self pick up. Vaishali near Inox, Jaipur. PLS DO NOT MAKE ADVANCE PAYMENTS
 "
,9839226406,Uttar Pradesh,Lucknow,Available,26/05 06:42 PM,self pickup available and taking whole payment as advace in case of delivery
Umang Gupta,7985121201,Uttar Pradesh,Kanpur,Available,26/05 05:05 PM,"6 litre, stock depleting fast. concentrator availbale at 78000"
Apsolabs Pvt Ltd,8840886102,Uttar Pradesh,Kanpur,Available,26/05 04:59 PM,10L oxygen cylinder available. Self pickup only
Vijay Brothers,99355 30688,Uttar Pradesh,Varanasi,Available,26/05 04:29 PM,"concentrators available,oxygen cylinders: B type Rs 15,000 & jumbo security deposit + Rs 200/ day on rent"
Awadh Gas,9335710295,Uttar Pradesh,"Talkatora industrial area, Lucknow",Available,26/05 02:34 PM,Refilling available from 8AM to 5PM
Chinhat,8737026009,Uttar Pradesh,Varanasi,Available,26/05 02:33 PM,"Only Oxygen Concentrator available; location: SH 138, Shivaji Nagar Colony, Bhagwanpur, Varanasi (Murari Chowk). The product has to be picked up."
Danish,80815 75397,Uttar Pradesh,Prayagraj,Available,26/05 01:37 PM,big size oxygen cylinders and oxygen refilling available. Call for further details.
Sunit Traders ,89575 64825,Uttar Pradesh,"transport nagar, lucknow",Available,25/05 09:41 PM,"Concentrator available. no advance, only cash on delivery (only in Lucknow)- 6 months warranty on concentrator."
Soloman Pharma,9628839675 (responding to only calls),Uttar Pradesh,Lucknow,Available,25/05 09:41 PM," Cans available, 12 ltr at INR 700. Advance payment. No delivery. Only self pickup"
shree bankey bihari air product,"8630589848, 9758815588",Uttar Pradesh,"Jalesar Road, Agra",Available,25/05 09:41 PM,
Raj Trading Company,8953700003,Uttar Pradesh,Kanpur,Available,25/05 08:29 PM,"Deals with refill only,. Self pickup"
Radhika enterprise ,7290947470,Uttar Pradesh,Noida,Available,25/05 08:28 PM,oxygen regulator available for Rs 3500. Sector 20 police station Noida
prakhar singh,7999998217,Uttar Pradesh,Lucknow,Available,05/25 8:28 PM,"slef pickup from Madiyaun Thana, 500 cans of 9L, delivery with advance payment, rs 4000 for regulator"
Baba gases (som prakash),9837100445,Uttar Pradesh,Muzaffarnagar,Available,25/05 04:42 PM,not answering to calls or text
Mohit - shree mata enterprises,"8960002222, 7007750974",Uttar Pradesh,"Shree Maa Enterprises, Madhav Complex, Alambagh, Lucknow",Available,25/05 04:02 PM,"ONLY CYLINDER AVAILABLE FOR NOW. 5L oxygen cylinders and oxygen cans available. Location: 551JHA/36, alambagh, Lucknow; shreemaaenterprises.07@gmail..com; delivery not available"
Vijay Kohli Rishikesh,9837094267,Uttarakhand,Dehradun,Available,26/05 05:12 PM,"oxygen cylinder and refill. contact DM office. patient needs to fill details like name, requirement, etc etc. "
Ambika Gases Dehdradun,8979812049,Uttarakhand,Dehradun,Available,26/05 04:55 PM,out of stock
Kohli Ar Product,9719666997,Uttarakhand,"Laltappr industrail area doiwala, Dehradun",Available,26/05 12:21 PM,oxygen refilling available.
Balaji Gas,9897530007,Uttarakhand,"Indira nagar, Rishikesh ",Available,25/05 04:43 PM,oxygen refilling available
National Medical Agencies ,"9897765903, 9557115859",Uttarakhand,HDFC Bank,Available,25/05 04:06 PM,Self pick up only
Sai Pharma,7055200067,Uttarakhand,"Pine Woods, Forest Research Institute, Indian Military Academy, Dehradun 248006",Available,05/24 8:34 PM,Concentrator available. self pickup and home delivery are available. They are taking advance payment.
,8697560044,West Bengal,Khardaha,Available,26/05 04:31 PM,self pickup
New Paul Pharmacy,9433542169/8617259045,West Bengal,Chandannagar,Available,25/05 04:06 PM,"Oxygen cylinder available 
B type on rent 500 per day"
"Assam Air Products 
Pvt. Ltd. Ratul Saikia
Svs N Bora","8404096172
7896735541",Assam,Dhaligaon Urban,Needs Verification,25/05 04:37 PM,not responding.
Wallets 4u,83779 77959,Delhi,Delhi,Needs Verification,26/05 01:15 AM,"Oxygen concentrator will be available by 24th May, has only 5L left
95k+gst "
No Name,"9810037251, 9716622253",Delhi,Pitampura,Needs Verification,26/05 01:14 AM,"Refilling available from 9am -12pm
Only for Maximum 10L Cylinder
1st come 1st serve
Free seva"
,7888606706,Delhi,Delhi,Needs Verification,26/05 01:14 AM,"bali nagar near ramesh nagar metro station, west delhi"
Deepak,8053644193,Delhi,Delhi,Needs Verification,26/05 01:13 AM,"pickup available, home delivery on 5+ cans, he is not a supplier but a volunteer, cash on delivery."
H S Singh,9312252451,Delhi,Delhi,Needs Verification,25/05 09:37 PM,"50% advance on booking, remaining payment on delivery.No advance payment. Cash on delivery Cans. Spray 50.  Puffs. Mask in built
Maharishi Dayanand Marg, Block J, Rajouri Garden, New Delhi, Delhi . not responding"
Jitender,(volunteers confirm availability only in morning not evening)9999779992,Delhi,Delhi,Needs Verification,25/05 04:15 PM,oxygen refilling available.
IAR education trust,9819737902,Maharashtra,Mumbai,Needs Verification,25/05 04:34 PM,oxygen cylinder available. Call before coming to check availability. Self pick up
"Team Bhole, Bhilwari Market",9784163035,Rajasthan,Bhilwara,Needs Verification,26/05 01:13 AM,NGO so provide according to severity of case. No Cost. Security is 10% returned 100% when cylinder returned 
Murari Gas 2,7311122386,Uttar Pradesh,Nadarganj LUCKNOW,Needs Verification,26/05 04:00 PM,Providing but not receiving calls
,9718465833,Bihar,Darbhanga,Available,26/05 05:51 PM,
,9999233407 (whatsapp only),Delhi,Pithampur,Available,22/05 10:38 PM,self pickup. no advance
,8384018750,Haryana,Gurugram,Needs Verification,26/05 01:14 AM,"cyliner and concentrator available. (Shree Vishwakarma Skill University)
Location- Gurugram,Haryana. return it in 2 weeks"
,9216539486,Punjab,Jalandhar,Available,26/05 06:06 PM,
hemkunt foundation,8699990510,Punjab,tricity,Available,26/05 04:34 PM,"oxgyen cylinder and concentrators available, security deposit, 100% refundable, delivery possibel within and outside state"
,7023325556,Rajasthan,Jaipur,Available,26/05 05:59 PM,size od cylinder depends on availibility. 
jyeshtha care,9820314228,Maharashtra,Thane,Available,26/05 04:08 PM,
oxygen cylinder,8299808003,Madhya Pradesh,Bhopal,Available,26/05 04:04 PM,
oxygen ,9843010211,Tamil Nadu,Coimbatore,Available,26/05 04:01 PM,
oxygen cylinder,8667274188,Tamil Nadu,Salem,Available,26/05 03:56 PM,
Yuvathi Trust ,9790926510,Tamil Nadu,Chennai,Available,25/05 07:30 PM,
Shrimad,6381422055,Tamil Nadu,Chennai,Available,25/05 07:29 PM,
Oxygen concentrator vizag,9100348588,Telangana,Secunderabad,Available,25/05 07:28 PM,
"Clera Micro Technologies Pvt. Ltd., No. 316, 1st Floor, 14th 'B' Cross, 7th Main, HSR Layout, 6th Sector, Bangalore - 560 102. ",8142057047 ,Karnataka,Banglore/ Pan India,Available,25/05 07:26 PM,
Oxygen Cylinder Vizag ,9885329996,Andhra Pradesh,Visakhapatnam,Available,25/05 07:21 PM,
Bangalore Covid helpline number,8047190606,Karnataka,Bengaluru,Available,25/05 07:21 PM,
SWAG ERT oxygen drive,7069999961,Karnataka,Bengaluru,Available,25/05 07:20 PM,
jamiat ulama,               98800 05974,Karnataka,Bengaluru,Available,25/05 07:19 PM,
jamiat ulama,74117 05113,Karnataka,Gowripalya,Available,25/05 07:16 PM,
,9019149492,Karnataka,Bengaluru,Available,25/05 07:16 PM,
Mr. Nagendra,9014121665,Andhra Pradesh,Visakhapatnam,Available,25/05 07:10 PM,
Oxygen Cylinder Vizag ,9848090255,Andhra Pradesh,Visakhapatnam,Available,25/05 05:17 PM,
oxygen cylinder allipuram,9966012368,Andhra Pradesh,Visakhapatnam,Available,25/05 05:16 PM,
oxygen cylinder ramnagar,8333893339,Andhra Pradesh,Visakhapatnam,Available,25/05 05:16 PM,
Mr.Navin gupta,9849114291,Andhra Pradesh,Visakhapatnam,Available,25/05 05:16 PM,
Siva medical gases,9849192302,Andhra Pradesh,Visakhapatnam,Available,25/05 05:15 PM,
Mr.Harsha,7661996656,Andhra Pradesh,Visakhapatnam,Available,25/05 05:15 PM,
Sri Sai Industrial gases Pvt.Ltd.,9885611633,Telangana,Hyderabad,Available,24/05 05:23 PM,
Sreekala Oxygen Company,9947280695           483-2742524,Kerala,Malappuram,Available,24/05 05:17 PM,
oxycare4u : oxygen concentrator supplier,9985636501,Telangana,Hyderabad,Available,24/05 02:12 PM,
government oxygen helpline(Don't call),9880831516,Karnataka,Udupi,Available,24/05 01:48 PM,
government oxygen helpline(Don't call),9483886886,Karnataka,Karwar (ಕಾರವಾರ),Available,24/05 01:48 PM,
government oxygen helpline(Don't call),8182221010,Karnataka,Shivamogga,Available,24/05 01:48 PM,
government oxygen helpline(Don't call),8027275913,Karnataka,Ramanagara,Available,24/05 01:48 PM,
government oxygen helpline(Don't call),8532234083,Karnataka,Raichur,Available,24/05 01:48 PM,
government oxygen helpline(Don't call),8232225073,Karnataka,Mandya,Available,24/05 01:47 PM,
government oxygen helpline(Don't call),8539225001,Karnataka,Koppal,Available,24/05 01:47 PM,
government oxygen helpline(Don't call),8152243506,Karnataka,Kolar,Available,24/05 01:47 PM,
government oxygen helpline(Don't call),8272221077,Karnataka,Madikeri,Available,24/05 01:47 PM,
government oxygen helpline(Don't call),7204349442,Karnataka,Haveri,Available,24/05 01:47 PM,
government oxygen helpline(Don't call),8172266160,Karnataka,Hassan,Available,24/05 01:47 PM,
government oxygen helpline(Don't call),9448629813,Karnataka,Gadag,Available,24/05 01:47 PM,
government oxygen helpline(Don't call),7204050411,Karnataka,Chitradurga,Available,24/05 01:47 PM,
government oxygen helpline(Don't call),9448244386,Karnataka,Chikmagalur,Available,24/05 01:47 PM,
government oxygen helpline(Don't call),8482224316,Karnataka,Bidar,Available,24/05 01:47 PM,
government oxygen helpline(Don't call),8312407290,Karnataka,Belgaum,Available,24/05 01:47 PM,
government oxygen helpline(Don't call),8392271202,Karnataka,Ballari,Available,24/05 01:47 PM,
Arasan Gas,9442574805,Tamil Nadu,Madurai,Available,24/05 01:38 PM,
Mr.Sridhar Behara,7702282698                9493000138,Andhra Pradesh,Visakhapatnam,Available,24/05 01:26 PM,
"Jatinder Singh Monga, HUM foundation",9320477667,PAN INDIA,Mumbai,Available,24/05 01:07 PM,
,"9989621251, 9398080920",Telangana,Hyderabad,Available,24/05 01:07 PM,
varinder singh,7200509870 [ ONLY WHATSAPP ],Tamil Nadu,Chennai,Available,24/05 01:06 PM,
 Drug Control Helpline,8951755722[ DONT CALL ],Karnataka,Bengaluru,Available,24/05 01:05 PM,
PAGC FOUNDATION,https://www.instagram.com/p/CPNENodD4QX/?utm_source=ig_web_copy_link,Karnataka,Mysuru,Available,24/05 01:05 PM,
lakshmi gases,9844075640,Karnataka,Mangalore/hassan,Available,24/05 12:33 PM,
Asian Oxygen,9440457488,Andhra Pradesh,Nellore,Available,24/05 12:20 PM,
oxygen filler on empty cylinder,9848112358,Andhra Pradesh,Eluru,Available,24/05 12:12 PM,
Praveen,99006 45566,Karnataka,outer bangalore,Available,24/05 12:07 PM,
OxygenSuppliers Gajuwaka,9398519902,Andhra Pradesh,Visakhapatnam,Available,23/05 10:01 PM,
oxygen concentrators,7019524147,Karnataka,Bengaluru,Available,23/05 07:52 PM,
pramod,9700238886,Telangana,Hyderabad,Available,23/05 07:52 PM,
vaishnavi gas agency,9848698481,Andhra Pradesh,Guntur,Available,23/05 07:51 PM,
premier gases ,9447243239,Kerala,Palakkad,Available,23/05 07:49 PM,
Oxygen Cylinder Vizag ,9704619962,Andhra Pradesh,Visakhapatnam,Available,23/05 07:09 PM,
ss global enterprise,9985731781,Telangana,nagole,Available,23/05 04:42 PM,
oxy smart,8179245072,Telangana,Hyderabad,Available,23/05 04:40 PM,
ali oxygen jallapely,7799337286,Telangana,Hyderabad,Available,23/05 04:32 PM,
wellness oxy medical services,9703951006,Telangana,Sanath Nagar,Available,23/05 04:31 PM,
nasar s,9966070734,Telangana,Jalpally,Available,23/05 04:30 PM,
barkas youth welfare society,8801662032,Telangana,chandrayangutta,Available,23/05 04:29 PM,
padaki air products,9902855177            8453200000,Karnataka,Mysuru,Available,23/05 12:17 PM,
malabar oxygen company pvt.ltd, 0824-2407221 2406221 / 2400221 9480050141,Karnataka,Mangalore,Available,23/05 12:15 PM,
harshad niboria,9039498550,Madhya Pradesh,Ujjain,Needs Verification,26/05 05:03 PM,
maa tara instruments,8048702912,Madhya Pradesh,Gwalior,Needs Verification,26/05 05:01 PM,
balaji oxygen,9229110175,Madhya Pradesh,Jabalpur,Needs Verification,26/05 05:01 PM,
janseva,7999055117,Madhya Pradesh,Bhopal,Needs Verification,26/05 04:58 PM,
rajesh,9826500599,Madhya Pradesh,Indore,Needs Verification,26/05 04:57 PM,
national gases ( kankarbagh ) - shriram agencies,9386910621,Maharashtra,Dhule,Needs Verification,26/05 04:46 PM,
bharat industrial gases,9822458445,Maharashtra,Sangli,Needs Verification,26/05 04:43 PM,
deepa sales ,9822299850,Maharashtra,Kolhapur,Needs Verification,26/05 04:41 PM,
sunil bhartiya,9923045415,Maharashtra,Nanded,Needs Verification,26/05 04:40 PM,
papu seth,9821471788,Maharashtra,Solapur,Needs Verification,26/05 04:38 PM,
gurudwara guru nanak darbar charitable trust ,9324862597,Maharashtra,Pen,Needs Verification,26/05 04:36 PM,
manish agarwal,9225577999,Maharashtra,Aurangabad,Needs Verification,26/05 04:34 PM,
dr bhatada maternity and nursing home,9561199377,Maharashtra,Nashik,Needs Verification,26/05 04:32 PM,
karampura chandan tex chem pvt.ltd,9350445559,Maharashtra,Thane,Needs Verification,26/05 04:30 PM,
NMC CCR,7770011472,Maharashtra,Nagpur,Needs Verification,26/05 04:29 PM,
agarwal maternity & general hospital,8446461156,Maharashtra,Pune,Needs Verification,26/05 04:27 PM,
home icu setup,9869503774,Maharashtra,Mumbai,Needs Verification,26/05 04:25 PM,
,804719117,Karnataka,Bengaluru,Needs Verification,25/05 07:27 PM,
Oxygen Cylinder Vizag ,8447390017,Andhra Pradesh,Visakhapatnam,Needs Verification,25/05 07:10 PM,
oxygen cylinder vizag,9666666160,Andhra Pradesh,Visakhapatnam,Needs Verification,25/05 05:16 PM,
Mr.Avinash,8121365235,Andhra Pradesh,Visakhapatnam,Needs Verification,25/05 05:16 PM,
Sasirekha Agencies,9848365601,Andhra Pradesh,Ongole,Needs Verification,24/05 05:23 PM,
Ellenbarrie Industrical gases Ltd.,9987005090,Andhra Pradesh,"parawada,jadchelra",Needs Verification,24/05 05:23 PM,
Vingas Industries Pvt.Ltd,9849129996,Andhra Pradesh,Visakhapatnam,Needs Verification,24/05 05:23 PM,
Sri Krishna Godavari,9666653907,Andhra Pradesh,Tirupati,Needs Verification,24/05 05:22 PM,
Ravindra Medical and Industrial Gases,8121666666,Telangana,Hyderabad,Needs Verification,24/05 05:22 PM,
Oxyvision Medical Gases,9391114386,Telangana,Hyderabad,Needs Verification,24/05 05:22 PM,
Kalyan Oxygen Pvt.Ltd,9443374162           9443142426,Tamil Nadu,Madurai,Needs Verification,24/05 05:22 PM,
VN Medi Gases,9790942270,Tamil Nadu,Chennai,Needs Verification,24/05 05:22 PM,
Sri Venkateswara Oxygen,9443969292,Tamil Nadu,Coimbatore,Needs Verification,24/05 05:22 PM,
Vallal and Co,9943969292,Tamil Nadu,Theni Allinagaram,Needs Verification,24/05 05:22 PM,
Vaiseeswara Oxygen Ltd.,6381732094,Tamil Nadu,Tiruchirappalli,Needs Verification,24/05 05:22 PM,
Vaiseeswara Oxygen,9345054900,Tamil Nadu,Tiruchirappalli,Needs Verification,24/05 05:22 PM,
Sri Bajaj Enterprises,9688610111,Tamil Nadu,Salem,Needs Verification,24/05 05:17 PM,
Rajee Gases,9894045733,Tamil Nadu,Salem,Needs Verification,24/05 05:13 PM,
Ragavender Gas Agencies,9842391651,Tamil Nadu,Salem,Needs Verification,24/05 05:12 PM,
National Oxygen Limited,9940082412,Tamil Nadu,Chennai,Needs Verification,24/05 05:10 PM,
National Oxygen Limited,9944540293,Tamil Nadu,Puducherry,Needs Verification,24/05 05:10 PM,
Murugan Gas Agency,9443343109,Tamil Nadu,Dindigul,Needs Verification,24/05 04:55 PM,
covai air products,9442614587,Tamil Nadu,Coimbatore,Needs Verification,24/05 03:23 PM,
irshad,9985925881,Telangana,Hyderabad,Needs Verification,24/05 02:13 PM,
veer foundation - vigneswara oxygen,9892289596,Kerala,Thrissur,Needs Verification,24/05 02:12 PM,
Avinash Oxygen,9440884273,Andhra Pradesh,Visakhapatnam,Needs Verification,24/05 01:13 PM,
"Bombay Gas,Asilmetta",8916646806,Andhra Pradesh,Visakhapatnam,Needs Verification,24/05 01:10 PM,
Gas&Gas Agencies,9841513300,Tamil Nadu,Chennai,Needs Verification,24/05 12:38 PM,
Covai Air Products,9442614587,Tamil Nadu,Coimbatore,Needs Verification,24/05 12:36 PM,
Barath Oxygen,9444003856            8778731935,Tamil Nadu,Chennai,Needs Verification,24/05 12:35 PM,
Airpack Gases,9843484215,Tamil Nadu,Kanchipuram,Needs Verification,24/05 12:33 PM,
kumar oxygen gases,9949045616,Andhra Pradesh,Anantapur,Needs Verification,24/05 12:30 PM,
kulkarni oxygen gases,9481631677,Karnataka,Vijayapura,Needs Verification,24/05 12:29 PM,
Karnatak Industrial Gases Pvt Ltd,9844092022,Karnataka,Hubli,Needs Verification,24/05 12:27 PM,
Inox Air Products,9980099440,Karnataka,Bengaluru,Needs Verification,24/05 12:27 PM,
Galaxy Air Products,9448821347                              8867715015,Karnataka,Bengaluru,Needs Verification,24/05 12:26 PM,
Belgaum Oxygen Pvt Ltd,9844053348,Karnataka,"koppal,Belgaum",Needs Verification,24/05 12:23 PM,
amogh Gases Pvt Ltd,9448483854,Karnataka,"Bangalore,Tumkur",Needs Verification,24/05 12:20 PM,
Chennai Oxygen,044-26243715 26254272 26250764 9962353535,Tamil Nadu,Chennai,Needs Verification,23/05 08:40 PM,
Oxygen Cylinder Vizag ,8074774353,Andhra Pradesh,Visakhapatnam,Needs Verification,23/05 08:08 PM,
Arya Oxygen Concentrator,9032359999,Andhra Pradesh,Visakhapatnam,Needs Verification,23/05 08:01 PM,
joes import & export ,9605639144,Kerala,Pathanamthitta,Needs Verification,23/05 07:52 PM,
trichur air product,9496739832,Kerala,Thrissur,Needs Verification,23/05 07:51 PM,
Kovai Air Products,9442614587,Tamil Nadu,Coimbatore,Needs Verification,23/05 06:21 PM,
O2 4 chennai [ ONLY IN CHENNAI ],9840463894 [ CONTACT VIA WHATSAPP ],Tamil Nadu,Chennai,Needs Verification,23/05 05:55 PM,
,9642310875,Andhra Pradesh,Visakhapatnam,Needs Verification,23/05 05:36 PM,
vicky,9848570379,Andhra Pradesh,Visakhapatnam,Needs Verification,23/05 05:34 PM,
srinu,6301421006,Andhra Pradesh,Vijayawada,Needs Verification,23/05 05:33 PM,
hanumantha rao b,8919523692,Andhra Pradesh,Vijayawada,Needs Verification,23/05 05:32 PM,
,9550868538,Andhra Pradesh,Vijayawada,Needs Verification,23/05 05:30 PM,
abdul khader shahid,9620984019,Karnataka,Mysuru,Needs Verification,23/05 05:17 PM,
oxygen cilinder vizag,7337295286,Andhra Pradesh,Visakhapatnam,Needs Verification,23/05 05:09 PM,
sigma hospital,9032444444,Telangana,Hyderabad,Needs Verification,23/05 04:17 PM,
devi nursing home,8559226070,Andhra Pradesh,Dharmavaram,Needs Verification,23/05 04:09 PM,
divyashree hospital,8554274322,Andhra Pradesh,Anantapur,Needs Verification,23/05 03:59 PM,
harsha,7780126219,Andhra Pradesh,Kurnool,Needs Verification,23/05 03:53 PM,
KMR universal hospital,9014727757,Andhra Pradesh,Visakhapatnam,Needs Verification,23/05 03:50 PM,
KMR hospital,8555067167,Andhra Pradesh,Vijayawada,Needs Verification,23/05 03:41 PM,
alla hospitals,9000666544,Andhra Pradesh,Guntur,Needs Verification,23/05 03:39 PM,
sudarshan hospital,8554228567,Andhra Pradesh,Anantapur,Needs Verification,23/05 03:36 PM,
raja sekhar multi speciality hospital pvt.ltd,8042527555,Karnataka,Bengaluru,Needs Verification,23/05 03:30 PM,
supriya hospital,8214247026,Karnataka,Mysuru,Needs Verification,23/05 03:16 PM,
arjun kinni,9743602030,Karnataka,Tumakuru,Needs Verification,23/05 03:12 PM,
narayana gas,9895170349,Kerala,Kochi,Needs Verification,22/05 02:23 PM,
nandanam oxygen,9947280695,Kerala,Thrissur,Needs Verification,22/05 02:22 PM,
arun oxygen,9847078045,Kerala,Palakkad,Needs Verification,22/05 02:16 PM,
vigneshwara oxygen,9846231443,Kerala,Aluva,Needs Verification,22/05 02:15 PM,
varasi oxygen,8143995555,Andhra Pradesh,Kadapa,Needs Verification,22/05 02:14 PM,
universal air products,9845063119,Karnataka,Bengaluru,Needs Verification,22/05 02:12 PM,
universal air products,9900562307,Karnataka,Bengaluru,Needs Verification,22/05 02:12 PM,
sri indra medical gases,9500173570,Andhra Pradesh,Nellore,Needs Verification,22/05 02:08 PM,
spec & cal gases pvt.ltd,9769577885,Karnataka,Bengaluru,Needs Verification,22/05 02:07 PM,
peenya industrial gases pvt.ltd,9686668643,Karnataka,Bengaluru,Needs Verification,22/05 02:03 PM,
pai industrial and medical gases,9845063166                9152108947,Karnataka,Bengaluru,Needs Verification,22/05 02:00 PM,
Sri Venkateswara Oxygen,9443069292,Tamil Nadu,Coimbatore,Needs Verification,22/05 12:27 PM,
